{"stats":{"minecraft:mined":{"minecraft:short_grass":2,"minecraft:oak_log":7,"minecraft:melon":13,"minecraft:oak_leaves":3,"minecraft:fern":1},"minecraft:used":{"minecraft:oak_log":1},"minecraft:custom":{"minecraft:jump":50,"minecraft:time_since_rest":11443,"minecraft:leave_game":1,"minecraft:crouch_one_cm":169,"minecraft:sprint_one_cm":5066,"minecraft:play_time":11443,"minecraft:time_since_death":11443,"minecraft:walk_one_cm":6689,"minecraft:sneak_time":95,"minecraft:climb_one_cm":66,"minecraft:total_world_time":11443,"minecraft:fall_one_cm":1312,"minecraft:fly_one_cm":8413},"minecraft:picked_up":{"minecraft:oak_log":7,"minecraft:oak_sapling":1,"minecraft:melon_slice":63,"minecraft:wheat_seeds":1}},"DataVersion":3953}