{"stats":{"minecraft:custom":{"minecraft:jump":51,"minecraft:time_since_rest":12696,"minecraft:leave_game":1,"minecraft:crouch_one_cm":705,"minecraft:play_time":12696,"minecraft:sprint_one_cm":5438,"minecraft:time_since_death":12696,"minecraft:walk_one_cm":6949,"minecraft:sneak_time":964,"minecraft:total_world_time":12696,"minecraft:climb_one_cm":66,"minecraft:fly_one_cm":8440,"minecraft:fall_one_cm":1312},"minecraft:used":{"minecraft:oak_log":1},"minecraft:picked_up":{"minecraft:stick":1,"minecraft:oak_log":16,"minecraft:oak_sapling":2,"minecraft:melon_slice":63,"minecraft:wheat_seeds":1},"minecraft:mined":{"minecraft:short_grass":2,"minecraft:oak_log":16,"minecraft:melon":13,"minecraft:oak_leaves":9,"minecraft:fern":1}},"DataVersion":3953}