{"stats":{"minecraft:mined":{"minecraft:acacia_log":6,"minecraft:acacia_leaves":1,"minecraft:stone":8,"minecraft:crafting_table":1},"minecraft:picked_up":{"minecraft:chicken":1,"minecraft:crafting_table":1,"minecraft:feather":1,"minecraft:acacia_log":6,"minecraft:acacia_sapling":1,"minecraft:cobblestone":8},"minecraft:killed":{"minecraft:spider":1,"minecraft:zombie":1,"minecraft:chicken":1},"minecraft:used":{"minecraft:stone_axe":2,"minecraft:stone_sword":13,"minecraft:crafting_table":1,"minecraft:stone_pickaxe":3,"minecraft:acacia_sapling":1,"minecraft:wooden_pickaxe":5},"minecraft:crafted":{"minecraft:stone_sword":1,"minecraft:acacia_planks":24,"minecraft:stone_axe":1,"minecraft:crafting_table":1,"minecraft:stick":8,"minecraft:wooden_pickaxe":1,"minecraft:stone_pickaxe":1},"minecraft:killed_by":{"minecraft:zombie":1},"minecraft:custom":{"minecraft:deaths":1,"minecraft:time_since_rest":5983,"minecraft:crouch_one_cm":209,"minecraft:play_time":21712,"minecraft:sprint_one_cm":16425,"minecraft:damage_taken":245,"minecraft:walk_one_cm":10579,"minecraft:sneak_time":448,"minecraft:mob_kills":3,"minecraft:jump":133,"minecraft:damage_dealt":595,"minecraft:leave_game":1,"minecraft:time_since_death":5621,"minecraft:total_world_time":21712,"minecraft:interact_with_crafting_table":4,"minecraft:fall_one_cm":4389,"minecraft:fly_one_cm":31242}},"DataVersion":3839}